"bestPar.lag","bestPar.nhid","MSE_min","proc_time"
7,500,0.00161792549532059,1584.80000000002
