"bestPar.lag","bestPar.nhid","MSE_min","proc_time"
10,500,0.00189230541868048,1345.02000000002
