"bestPar.lag","bestPar.nhid","MSE_min","proc_time"
10,500,0.000441085355984218,1881.38999999996
