"bestPar.lag","bestPar.nhid","MSE_min","proc_time"
5,500,0.00681183388804859,1792.44999999995
