"bestPar.lag","bestPar.nhid","MSE_min","proc_time"
5,500,0.00625603055178355,1797.59000000003
